primary_identifier,next_month_plan
2003793,3
1776101,2
6945050,4
2472049,8
7197266,1
2099980,6
4515595,2
4155971,7
4203824,7
4397850,7
5564784,4
8042819,8
4887835,4
7876737,1
8586725,3
4192710,2
8692886,6
2734029,7
8619873,4
8591720,3
2736902,2
1302512,6
6236339,5
2515939,4
4007286,4
4189111,8
1198957,4
7630599,6
5179554,2
3849110,5
9921234,8
7846621,7
3063762,7
7230281,1
7645170,8
9834627,3
1561943,5
8159623,1
4745105,2
6238198,6
6536712,5
6835837,3
9840782,5
9817473,4
4677724,5
8757935,6
9670187,3
1530338,7
4057212,2
8766616,7
7031680,3
1491069,3
7532437,4
9660215,2
4478979,2
8803684,3
2673030,3
3225354,7
7152868,6
3179169,1
2224348,4
7604192,6
3982237,8
5566730,6
5654973,2
1776383,4
3854674,3
1919483,6
4651764,6
4474656,1
1795642,4
6065257,8
2785623,7
6818861,5
5879576,5
6302710,1
7664304,2
7612029,7
2827711,1
2466639,4
7181670,2
4657905,4
9911891,6
1812207,2
5788490,4
2018132,2
4750385,6
7389653,7
4829600,7
5870369,2
1664193,5
5738994,5
3891124,5
4956977,2
2280455,7
5442145,3
9690915,8
2879482,3
1676804,3
1413694,5
9095217,6
3440394,1
7639903,7
7843616,8
8658882,1
1129960,4
2195886,6
4147033,4
7484224,2
1053494,1
5054202,1
7522183,2
9272428,3
2668629,2
6887862,5
2408222,5
6827205,3
5479278,5
7293700,2
6211646,2
2287562,6
9906740,6
6712888,7
7215367,3
4619709,5
4991295,3
8862316,1
1405780,2
2823054,8
6666497,7
8970659,8
5808184,3
5629721,6
1354971,7
7028838,8
6628173,4
2450232,5
1158974,4
3553918,4
7451075,7
6551842,2
2712784,8
6403752,2
2917990,1
2290191,7
2806364,5
2547943,7
1106746,4
9535518,5
5828115,3
3576888,2
1261876,4
6435719,2
1906946,2
4965840,3
9299909,2
1472878,2
1754200,6
4550812,4
6195783,3
1827020,5
1143355,8
7463157,5
6548879,5
3315170,7
7683859,7
8096711,4
6037264,6
3882846,1
5924179,2
5703892,5
1145961,1
2437167,8
1280772,7
2527454,4
6522603,8
8349253,3
8041643,6
2504295,3
3880218,3
9117275,4
2941924,5
2318131,2
4759027,2
3193576,7
6501833,1
2086725,3
1741042,7
9227318,1
2159580,2
4113682,5
8022158,1
8762907,7
9452509,6
8942397,1
1349385,8
8647776,2
1693664,4
1006766,5
6504706,8
1175738,4
3112039,6
3651976,2
8932144,1
3136993,2
4370183,2
4669473,5
5221252,3
8266878,5
3586170,1
2713847,3
8937390,6
2461650,2
6694423,1
9887579,5
4426179,5
2957461,2
9060346,5
2532590,4
9320663,6
4365639,6
8781830,6
7822141,2
5455986,6
9846653,1
2210268,6
7014920,4
6971055,5
6847886,5
6256313,6
1204272,5
1687158,6
6337872,7
1324975,5
5513702,3
2706404,4
3580959,5
6263728,5
2113672,7
1390101,1
5119108,4
1949303,7
6140467,8
8037047,7
8006342,3
8095372,8
2511704,7
5216363,5
1558751,8
4929533,6
6191127,8
6852753,7
8307807,6
2832254,3
8320902,5
5356962,6
5871018,2
2963545,6
4576628,2
2958101,4
2614982,3
2048847,6
4468799,4
5807306,5
2920788,5
2775664,3
4495015,5
4265712,7
2325498,8
7104613,3
5835284,1
9696565,7
4175000,7
4868508,8
8385863,1
3951612,8
2830582,7
8017610,6
7393024,7
7245821,1
3674927,8
9120683,6
9108388,4
1755743,2
3674938,8
8678678,6
6944410,3
6993086,7
6928089,6
7550577,7
2329685,1
8411105,3
2454053,5
7991669,2
4249579,4
6022542,5
8761570,5
3441720,3
7746519,2
9442941,8
6442978,2
9818091,2
7716635,6
2952455,7
7780669,7
5027380,2
4972132,1
4073079,6
1596480,1
1685270,5
6762028,7
4415365,1
6944474,8
7149843,8
8552951,5
9733672,2
1672661,2
2263862,7
3170800,5
7449588,2
9275473,3
7072881,1
3938831,6
1354993,6
5913682,1
5894117,5
3475094,6
3627044,8
9624651,6
2126224,1
3672317,5
9598771,1
5403318,2
4843689,1
4162645,2
3321136,6
2427912,2
1391999,3
5829811,1
6182650,2
6782467,6
5241645,7
9856989,3
4470802,6
8718191,1
5235645,5
9152598,5
3638435,8
6259994,5
7155422,7
3519126,8
2692386,4
3221452,7
4355459,4
5652029,5
2546905,5
7629251,5
9567264,6
5887363,6
3029460,3
9880278,4
8536133,1
6957423,7
2029049,4
9632635,1
8540149,3
8007569,7
2094239,7
2087175,4
7748582,5
4271343,6
1138355,7
9236402,6
6939151,5
3869807,1
8639687,7
1867693,3
3503545,3
3488315,4
5393807,6
1861669,1
9346950,1
3093450,8
2250951,6
1405017,6
9887485,4
2721683,8
4348324,4
6590205,1
4546295,3
7890114,1
2791513,5
6865490,3
3031047,6
3690843,3
5656619,1
2024708,1
7387256,8
2237764,3
5622632,7
1966823,6
4638811,7
3541332,1
4799022,2
6174327,4
3077748,2
4004351,5
5569003,7
1439536,1
9725758,5
4107332,8
3914392,4
9646365,7
2278396,3
8764354,5
3197666,8
7351424,2
7155751,7
1934001,2
1786779,3
4512114,2
7151207,2
6529320,1
7343263,1
8415006,4
3931158,5
5611049,8
9434803,7
2644248,4
9624083,7
9760983,4
5492656,7
2896127,6
8393177,6
1002777,5
3944342,8
4071075,5
3900315,6
5530629,3
4065207,7
6953461,8
2863818,6
7749882,1
2251316,4
6466904,2
8566151,5
9190747,6
6249805,4
6618788,7
9989708,1
2083205,1
1497328,7
1957777,5
9239418,2
7018678,8
9691900,8
1060082,4
7473939,1
9730860,6
9706328,1
7386547,7
6996677,3
1492991,2
8817962,3
6251427,6
1266775,1
6701208,5
2693522,8
5425042,4
2092699,6
6277537,2
3244887,6
7124319,4
6296978,6
9108878,6
6389170,6
8996178,2
7819028,3
2773639,1
3196075,7
2552198,8
6368451,2
3443282,2
5704787,6
6721754,2
8854125,8
8093320,7
7836533,3
4200898,6
1698340,2
1447921,7
4980406,6
5635115,3
7828295,2
7397781,8
5324248,8
7036251,7
9421236,1
7194136,8
9023724,5
2260848,5
7566842,7
8898449,3
2669066,6
2424639,5
1155797,5
4058703,7
9317802,5
6376783,4
2684768,4
8339776,5
9765243,7
1286615,5
5595184,7
3113973,4
4442080,8
6354306,8
8235754,6
3221404,7
4939499,2
2061672,8
8846283,7
3599041,7
6669063,8
5390907,1
8126045,5
4695200,7
4648958,1
4705331,4
6137233,1
2136909,3
2173144,7
1655171,8
5638082,5
2990608,2
2895388,6
8512081,5
2223940,4
9426138,7
1944885,1
6578934,1
2242042,8
8435431,5
7411898,3
6086625,4
2011978,5
3511466,3
6689649,1
4803420,3
7298049,5
5449631,7
1359206,6
5684189,2
3788587,8
2767490,2
1971636,2
1229104,8
4007735,1
3256564,2
7904992,8
3058532,6
1416272,1
4895768,1
7621119,8
3573830,8
2524313,1
7938960,8
8120180,5
8068534,1
7975886,2
8280788,8
9626171,7
1388588,3
1001886,3
9612652,1
3316919,3
4276238,4
4368507,7
2420662,1
3313006,3
5115497,5
1442501,5
3496280,4
7788441,8
1863675,1
9332566,1
8575640,3
1600785,6
6418677,6
9928047,7
6545843,2
4384045,1
8762833,6
9010400,7
9527274,1
3960386,6
2866682,4
3433090,2
1753472,4
4080740,4
5949887,8
8125727,1
1374895,4
1701838,7
2046379,5
6438973,1
4722012,6
8513195,2
5817195,1
9595256,6
1674873,6
3359270,3
4339654,3
4480247,6
5119171,5
9602766,4
7450724,8
8053093,6
2393468,2
5411044,3
9054676,5
4694206,4
5427864,5
2158332,5
3716824,2
3111656,7
8780719,1
3108216,6
7574162,6
6835607,2
7697787,5
6340540,8
6344144,7
6298440,1
4683707,2
4959148,7
1751595,2
3170337,2
1784892,8
9272318,1
4505078,6
8250309,6
4644618,5
9426698,4
3765127,7
2742437,2
3939824,5
1554558,8
4442955,3
8131396,8
3380444,2
1624042,4
2088687,8
2633519,5
2967162,4
2228482,2
2883342,4
7770220,5
7082758,6
3783929,7
9054759,1
5286667,3
8398184,6
3993251,5
1305586,8
9883900,2
2386573,1
9535428,2
9000161,6
9325556,7
7591992,1
8763580,2
8120083,1
4471173,4
5526299,2
7255761,5
3858053,1
9340490,5
8953788,3
4387462,1
9825954,5
5337513,2
1325382,7
1372546,3
1514252,7
1987780,8
7098433,2
5671731,7
6486027,6
5886385,5
3801696,4
9715110,2
6146567,6
1256082,7
7673406,3
8586602,2
5669093,4
3897383,6
8013856,2
4871311,2
5827528,4
2237408,6
5768774,5
3883221,2
3720671,2
1889077,6
6280123,1
8453354,8
1045653,5
1354840,7
8254361,4
5348125,7
5862110,8
3472150,4
4251633,6
7446264,3
8421144,6
6904073,2
5709852,1
2163400,6
2993365,8
8597953,5
1211663,4
5785507,1
1802258,1
4867693,3
2853706,3
9669583,6
6124879,2
7341344,4
4367389,3
8978948,2
5133226,7
1830084,7
3970960,3
5669452,2
1609728,2
3164045,7
9947609,6
2100997,7
3762464,6
2297573,6
8664573,5
1259832,6
2616732,3
4207090,2
6681899,5
2346919,6
2269763,2
9488366,7
9237039,7
1998160,6
7128784,8
1966271,6
7959014,5
7522857,2
7633735,2
4698109,8
2927252,7
4613372,8
8348459,3
7778079,4
6714772,8
5075888,1
4744748,6
6182326,4
5818598,1
6968960,2
3143121,5
8578724,8
1751827,7
6543777,1
8568760,6
8762087,6
4912443,7
7620543,3
1040728,8
8186120,5
3286202,6
9046815,1
9555420,2
8444611,4
4740534,8
2116587,3
9916588,6
1458172,8
3352998,4
7622917,4
9762675,3
1895933,6
3156325,4
8902257,1
7304526,7
3360560,8
6704694,1
9366123,5
8693886,6
7318737,3
3097088,6
6975220,7
1255346,8
4453208,3
6985592,3
2566177,6
8844073,2
8471253,7
8160330,7
2617592,2
8804374,8
5185903,3
5125903,8
7787809,8
4692943,2
7627024,4
2945177,5
2746142,5
2816618,4
3884431,5
5172759,2
1583171,2
8080081,7
7263779,8
7069708,1
1566753,3
4300796,4
3939869,7
2524870,8
7264010,5
4992964,7
1895725,2
4713898,8
4900360,1
1258233,7
4931364,1
9627420,6
2686890,4
8753183,8
8736880,6
5448080,7
3222998,2
3106558,1
6323523,4
1019642,5
8034081,1
2121098,7
2764662,2
8464623,1
3748929,7
8308832,4
3577526,3
8162304,8
7723510,4
8968180,7
7805802,8
2824738,1
7892150,6
5324109,7
6131016,1
8097106,2
7466256,4
3432258,3
4450833,6
5658590,6
2871399,1
5658547,2
2952699,4
1292840,6
6769256,4
5590794,8
9777049,6
6009807,7
3872031,7
8718979,3
1434701,4
8040649,7
6153286,7
9397510,5
4555283,4
2064431,7
1117648,3
3485538,5
7016586,4
6402963,8
7354922,4
6316265,3
1160364,3
9040115,8
3415763,8
1152329,6
7096420,8
3652538,4
3828414,5
4383260,1
7389542,7
1048998,4
2237614,8
4919478,4
6783176,6
9663289,4
2281931,3
5161328,6
2556259,6
4004733,2
4271900,7
7764116,6
2672298,8
8776307,3
2877748,3
2254167,1
5856796,2
3654905,7
5867655,2
8258308,2
6512308,8
2015340,7
5513122,8
1942111,5
7639689,5
8640789,5
5962712,7
2693880,4
4176500,6
4721260,7
9949837,4
4157662,3
6130543,1
3435519,1
1454264,4
1322865,6
7569930,1
6119249,1
3071847,7
5205549,8
4867304,4
1846282,2
4729047,8
4757658,2
3329937,6
2682855,4
1280146,4
3457386,5
6539876,7
1188584,4
2229271,4
8470484,1
8094568,2
1822866,1
1661056,1
1232469,3
2545531,7
5274997,1
5803984,8
4156707,8
1432599,5
1734956,1
3756779,3
2057715,2
1315972,8
6507194,5
2151331,3
1284106,6
5967853,6
7898103,1
4057921,7
6502128,7
8815198,2
5282997,5
2982583,3
8127702,4
7711174,2
8449037,3
3479447,8
6683638,5
7521140,8
3936999,4
8538221,1
9940382,2
9762753,1
7284486,4
1736781,5
4167630,8
3008199,5
5894892,4
9674746,5
5288888,8
9134239,3
3741122,7
6592486,5
7168904,4
8845366,6
9285370,6
7110293,6
9576287,2
8178171,1
8686880,5
8829281,2
6678319,5
1974237,1
2421890,3
5586005,6
3928418,5
5883526,7
7170016,3
4186571,8
7926346,8
3115369,5
8279090,6
6469019,3
9858577,2
4719043,8
7673173,4
1490833,3
5319693,1
2393507,5
8703921,3
1923392,7
8228508,4
6662514,1
4485763,5
4836100,3
2816376,5
9915285,4
9009342,6
3467921,7
9461844,6
3676321,2
1356190,8
3194038,2
9371903,1
1604609,7
8664804,2
9223341,8
6335994,1
2216515,4
2990622,5
1332029,4
8293855,1
4791765,4
4947622,6
8636139,5
1282004,4
3421133,6
2430446,2
9180188,1
3469525,4
6958121,5
8814230,6
5036929,5
7480536,6
2895098,5
9510622,1
9039442,4
2267371,8
3580928,2
1172674,1
7335619,3
6511318,8
8640221,2
2680770,6
1751278,3
4478514,6
6239701,3
6694510,8
5026807,2
9335789,6
2763128,3
2204258,4
6380189,1
9630834,3
5811674,7
3525385,7
1640005,3
3969986,5
8092047,1
4111746,6
2940321,4
3748096,3
9537415,6
4144523,6
7818447,2
7569784,2
3622036,8
2081025,5
4093004,5
8137449,4
5767114,4
3036745,2
6067896,8
1510140,2
2062461,8
1163055,6
1949604,5
1474541,4
6934280,5
5854276,6
5853240,8
5781329,5
8600364,5
7913541,5
3171804,3
5115022,6
7110014,2
1225702,2
6532115,8
6615532,1
1559108,1
8894971,6
5904940,5
9027549,5
3160181,7
1352049,2
4050637,5
9663318,5
4139673,8
2960993,8
9709014,6
6553628,2
9404418,5
8593600,2
9724874,6
1464296,5
2545980,2
5836874,6
4386516,1
3314287,2
2506408,3
4811346,1
5480406,3
1056808,5
5371839,6
1473306,7
2570670,1
4652901,6
5756644,5
7553648,8
4026620,4
1704222,3
1291291,5
7341481,8
6364159,8
8972778,3
6465092,5
6849052,5
5616287,7
4374015,8
2683787,2
7730237,8
7712476,4
5421459,3
4847450,7
2172055,8
2252599,2
3567763,6
8076750,7
8252506,1
1854532,7
9022604,2
5554221,1
3096569,6
7434892,5
6823707,7
4907467,5
5965357,5
7152553,8
3429081,3
6925687,7
1863053,6
1819976,6
9764723,5
3783734,4
7553293,2
6917634,4
1439462,4
6669201,2
9185436,8
7069576,1
4617163,7
5118470,6
5390835,5
5972572,6
1164413,6
2812587,1
5937144,8
6136442,3
3618596,1
3743834,5
4439620,2
8913967,3
7700564,4
1629103,1
4983912,3
2602359,1
7045925,3
1356298,4
3864356,8
9252963,1
5782980,3
3012617,7
2089975,3
4744162,2
1382321,3
8200188,1
6027941,5
2366677,1
4008370,2
7484466,1
9532567,2
2456211,4
3676414,3
1856167,3
8631906,3
1325747,3
7191979,7
3754900,8
9545549,1
4219275,6
4662273,6
1122957,1
8320127,7
7027312,4
1371947,3
5372218,2
3879659,7
2345907,5
6732369,3
8715398,1
2299567,6
2563602,5
5214767,3
8360587,5
7772910,1
6517612,6
9495579,7
5090507,3
2717618,7
3316401,8
8484006,4
7653926,2
3458417,1
3920003,5
1629690,1
5863503,5
2919238,3
3988759,8
7254706,4
3057815,2
4247784,2
6211584,7
4672100,6
9048287,7
5129813,5
6455710,1
2333858,8
6240553,2
8963826,7
6999523,6
6810797,2
3748120,6
5906184,5
8848337,7
2451389,3
2814967,5
8738645,8
1743998,1
2761609,3
1724376,1
6685006,6
5266980,3
5069225,8
2775542,8
9261861,3
9641995,4
9630857,4
3860065,7
2493434,7
9305275,5
2461473,1
9112304,7
2721778,7
2960687,8
2754803,4
4115824,1
3361537,7
6579971,4
4160905,6
6090464,4
4298483,1
8190664,4
6428389,8
5195675,2
5101331,1
1355880,8
8092729,7
8654570,8
2838318,1
8296508,5
5861664,6
3863130,7
3542815,1
3717835,2
2297274,3
3919570,5
7207783,2
6916939,1
6371378,5
5919333,5
2733646,5
9303339,8
8717811,1
2057864,4
4239974,2
6273113,8
1017100,8
9454511,2
6593466,1
5512832,8
1469005,8
7464803,3
8580106,7
6682669,2
8713072,5
2232153,4
5423780,1
1067217,3
8286341,6
2760431,8
3948841,1
3044020,7
9284235,8
1957371,7
7594298,5
1586123,4
9786429,7
3213906,6
9832775,7
4925637,5
4795850,6
5599951,2
8107522,7
5421127,3
5621517,6
6800058,3
4916781,5
3574816,4
5739511,6
3663757,7
5287984,5
1013913,4
7772319,5
2328276,4
8480185,6
4991990,4
4186540,3
5220374,5
3718918,1
5994453,6
8621654,4
5022315,7
1714122,7
7136333,3
7377958,4
2899044,3
1377815,8
1178839,4
1579413,5
5758877,7
2647297,3
4589117,1
9709159,6
7528773,5
2307486,2
8119061,1
6568305,5
2562145,3
1819641,1
5287207,8
7792008,8
7763228,7
7624961,4
6299292,3
5921811,8
4986026,5
5759986,8
6326634,1
5077035,1
5644124,5
2111163,1
6112685,5
4375399,1
8362415,4
6368930,3
3186530,6
5195806,6
2613768,6
4105708,5
4386252,5
7651807,5
5833474,4
2647093,3
2569499,6
1977426,4
1579011,3
8113016,4
4989041,6
6062305,3
8035664,6
3682041,5
3259739,2
9589446,2
8212862,3
8399418,6
1450540,8
9375691,6
8973734,2
3957170,8
9629482,5
2261872,1
9223362,7
5631497,8
9333571,8
3406150,2
6951672,6
2940580,1
5223050,4
1302032,5
4571900,3
3496582,2
9517366,3
1996499,2
2796745,7
3969848,3
1027728,5
3125656,5
2676528,1
2299929,1
2601710,6
1220757,2
7291761,6
4735966,4
8698562,4
6919442,1
8858506,3
8292069,5
5918994,4
5542882,3
5303306,3
5372330,8
4322437,4
4450360,3
4246847,1
9947895,3
5775744,7
9574825,1
1295243,7
2756762,5
5618692,8
8666118,1
7589186,8
3548790,8
9422403,8
5591905,2
7808312,2
5866924,4
8257564,5
4028636,5
2934840,4
2768719,5
1553009,4
7805102,3
3065221,6
2176099,5
2636432,3
9050803,7
8990841,1
9499913,3
5996662,2
8170869,3
9606611,2
9940400,6
6245092,1
4890642,6
5568161,7
5425069,6
9030582,3
4424375,5
8251701,3
6683730,3
9471590,8
8577702,6
8330264,4
6323476,2
6949161,4
9226769,8
2062825,3
9946657,5
4995446,8
6511075,7
8512073,4
3929143,4
1310779,7
9819361,7
5625074,7
3453157,2
7933979,3
3889379,6
7817327,7
6984428,6
4145012,3
9234724,3
5042848,4
7587421,6
2748609,1
6904088,5
3823318,6
2275601,4
2377765,7
4113586,8
6098030,5
3244118,7
9922256,3
9909225,2
1034171,6
1562891,1
3132770,5
6351078,6
5059238,3
1494258,5
2897602,1
4034031,3
1291063,5
8567924,7
6446875,7
7130508,4
6787023,2
6304133,4
1403564,7
6128174,2
7239506,8
1101821,5
8951466,5
3280120,3
1381631,3
9063075,1
4133833,5
3802885,8
6686757,5
1371498,6
2220898,2
2030916,5
3045369,5
2912681,1
4480290,7
1628312,7
4104078,5
8978315,6
8224165,2
7884349,7
9994702,5
1306848,1
3777774,7
9785745,8
5780665,3
2632385,1
9272269,8
8030531,4
8760605,7
9879146,1
1103509,5
7329718,6
8134517,5
8045453,5
9086143,7
4839990,6
8185080,7
6853376,1
1774571,3
8548230,1
1511960,5
3498144,8
7758588,2
1284478,6
9569722,8
8515295,4
8384280,3
3780578,2
3573878,1
6969840,6
2314420,5
3701183,7
1975405,4
4940245,1
4086960,1
5084396,8
6809028,6
3642287,7
5116450,2
2703264,3
3548250,8
8619859,2
6395832,1
2596101,1
2739019,8
8201188,3
5846510,6
3447202,2
3329379,6
4340129,1
4741454,6
7473979,5
7591524,5
5923078,8
8976228,1
1915571,8
8350262,6
4922089,7
9504798,7
5270434,3
7189967,5
7227591,6
1918959,7
4469334,4
6421422,4
9435214,6
2198437,2
5503508,3
5436887,5
3510566,2
3832362,7
6609938,3
3996813,8
5675175,2
1534654,7
5420098,5
3552828,7
6630672,1
1989937,5
3683316,1
5440135,7
2470290,2
2886902,5
3036721,7
5470647,4
9164100,4
8336974,5
4216990,6
2602764,5
7502670,1
6462182,4
7383436,8
5609795,6
4171567,1
4896802,8
1952068,8
1146042,4
3836735,2
6610075,1
4842618,2
8848305,4
3735759,2
9770988,3
3155754,5
2065644,4
5555107,6
1606324,5
9317370,2
1241550,1
5400183,6
2974972,6
3439003,2
3528304,1
4530260,4
3170757,5
9283971,4
3029110,8
1579154,2
6687952,1
1846531,5
3836607,2
3145190,5
7209178,4
5063597,3
9917085,8
8434251,5
8912846,3
7942168,4
2317827,3
9741681,7
6915960,4
9064654,4
4847748,6
6119130,5
2126598,6
8743443,8
5718242,1
6971678,5
6608808,2
3735616,4
9371118,8
6116444,6
8338514,7
4110555,2
2432055,5
2211530,8
4685667,1
8985884,6
6870722,1
8548765,3
2735107,4
1212058,4
6232921,8
1832180,8
7970980,8
2456820,7
9132535,8
9466769,5
5397308,4
3876917,5
8952660,2
8564204,8
4461787,4
7021104,8
5247394,4
1096874,5
7209467,5
8315218,2
3254023,4
7558923,1
1435505,3
2390783,1
8722123,1
3654229,4
6844111,2
1298343,2
8703391,3
6046979,5
2289045,5
8627945,8
2997529,6
1590925,2
6466415,1
3988099,1
8196013,2
3644478,8
3301566,7
8159889,2
4882844,2
2102905,7
1792196,2
7607677,1
5881436,5
6399245,5
9992344,3
2959553,1
7750421,7
2199125,4
9660864,6
2275904,8
5154198,8
3464492,5
9423298,6
7311952,5
7654715,2
6027519,6
7974469,8
4368820,3
5454417,3
7172954,3
5685009,7
9961291,5
4694866,2
6338443,1
6990265,5
9868319,3
9800217,2
2634149,6
3900019,7
4063481,2
5259441,4
6810778,2
7741626,6
7380506,6
4627403,6
4431170,6
7186385,6
9407514,7
7732964,2
2834620,3
3109975,6
4460522,4
1718890,4
9108157,2
2120242,3
9306954,1
1413011,2
9662488,5
8801851,1
5715602,7
2118959,5
3300296,2
5173055,7
5192288,1
6132201,4
2859415,2
9694555,1
8924099,6
8902349,4
6859760,4
6550817,1
3239189,6
1271705,5
4660583,6
9558546,6
7022929,7
5034697,6
2341931,4
1490685,8
3459935,2
9273482,1
8133748,4
2595847,6
1880694,3
3382910,7
3225790,1
1312311,6
3816196,6
4902890,2
4046012,7
1795414,7
6448322,1
6764939,3
1205840,7
9901838,6
9182818,5
4842993,2
6598474,3
6378124,7
6503487,3
3361369,1
9149525,6
9078762,3
5501712,4
1418234,8
4655161,3
8584905,4
2557467,4
8444875,7
6155933,1
3959172,2
7530311,3
7387226,8
7874002,4
9582194,8
9122667,3
5016807,6
5006284,3
1546680,2
4834325,4
7241837,3
9136219,5
6280754,7
5039601,6
3086552,2
8448663,5
5484917,6
5894844,8
9977112,7
6601857,3
6109414,7
6758275,3
2030530,5
4557186,7
8442254,2
5402568,8
6228231,6
7311804,7
2849304,4
2405098,1
1224541,5
9258398,4
4452035,6
7552004,5
1530027,1
4884691,8
5246978,7
7559453,1
5187678,7
4860264,2
1098882,2
5474212,8
7113095,6
7111756,6
7262938,5
9454605,2
7784168,2
6317146,8
1439937,4
7304568,1
9136900,2
8755193,4
8625478,4
8139964,1
8227545,1
2366991,5
6671391,3
8091056,7
9715508,1
6575011,1
8891720,3
3000646,3
1088446,3
5981448,2
4039424,6
8303710,4
3470244,8
3639948,1
1880320,6
1375630,8
4903055,4
4750315,7
5408817,8
7115914,7
5861334,6
4564590,1
1970541,5
2322265,6
1601430,6
5495936,4
5167933,5
4792434,4
6214573,5
9487477,1
4021387,3
6016797,1
5630803,1
1447163,5
7494108,4
9851090,3
9981439,3
4932819,2
6984292,1
1913069,8
2047629,5
3947027,2
1633986,4
5037518,8
8458858,3
3351351,3
7063940,6
6310781,4
9669659,6
1291947,2
2888242,5
8503642,8
7626938,1
2309680,8
9041795,6
8172371,1
3292161,1
9033582,6
2316301,2
4252014,7
8216162,1
5983523,1
8731186,1
2898455,5
6211498,6
6766973,1
4629059,6
7326615,8
6832420,5
8006849,5
5608814,6
8191333,3
2239913,6
5637696,4
2990354,5
3023822,2
6500332,4
6171645,7
3421379,4
7945137,1
1803745,6
7394961,7
3448351,8
1402009,8
7267310,2
3499422,1
3419291,3
9614906,8
1159189,8
9493421,2
8147765,5
6252908,1
2055884,1
8643525,6
8047825,3
6189653,2
4495554,8
7276273,2
4695426,7
2114819,2
6138591,1
1372261,1
8592674,2
4336869,4
7874494,8
5026063,3
7220694,1
5185664,7
6332315,4
8387020,8
2953039,1
8558047,5
7250164,8
2489848,8
1963783,2
2359396,6
1658094,1
7013317,7
8194213,3
2469093,3
4354989,3
1112367,2
4051243,3
6343846,5
8324518,3
6405299,3
8843256,3
9284382,8
1330761,3
8001853,1
7053698,3
3036492,5
3700732,7
3193127,4
8256674,1
5583544,2
6836570,3
9648298,1
8987384,5
2486234,8
4142396,3
5707584,2
1281124,6
3064840,5
7868628,2
7011751,1
9081743,8
1434439,8
5500408,7
2551051,7
4996199,4
8160672,4
9924034,1
3634671,6
7744594,6
9192662,1
5761268,1
5842615,5
8971746,6
8125635,4
1214027,4
3366687,4
2803910,7
1627911,4
8811467,2
5451258,5
1787075,2
7663422,2
3919155,8
9326790,4
2162817,5
8232851,5
3410390,4
8842989,2
5567792,8
3999304,6
7144214,2
4889175,6
3373950,7
1016489,7
3848022,2
7391339,2
4371498,2
2383391,4
3253273,5
6566585,5
5724893,3
7288599,4
7109490,5
2903281,4
8589663,1
7394014,5
5202297,8
9598376,5
5530353,2
3484625,1
2554838,2
1310016,6
2633981,2
5632407,7
2622370,5
5985610,5
3152009,7
1915728,5
9672152,2
6445876,3
3178466,2
4019778,2
1222576,5
8584874,4
4546367,4
4450213,7
1515700,8
6325374,3
7472608,5
8671982,8
3330402,4
6456330,8
1899381,6
9236554,5
6990783,3
2115525,6
2553581,4
3290760,1
5035124,2
2882999,2
3226789,2
1411668,2
4199188,6
5186172,6
4700456,7
3008645,8
9566802,4
6580763,6
9833851,3
4904111,7
8022297,1
3928148,1
3250384,5
9553929,5
6803177,7
7806854,3
2880925,2
6907101,5
7776101,6
5351849,6
6032603,3
9908403,4
1041636,7
7123097,4
6457016,6
3997091,5
7738613,1
2940984,7
5682574,1
2907307,3
5202051,3
6341564,2
9518435,1
7334502,1
5847005,7
7482714,4
7159517,1
3688954,3
7828618,2
5587144,8
7907476,2
6911623,7
4413800,4
9431624,1
4823924,3
8950925,3
9973962,6
1157928,5
1954520,3
8981889,7
9391231,8
2159642,5
9803348,2
6741713,1
9629101,7
4237365,6
6290466,3
4980346,8
7343279,5
9220784,8
9951138,8
5210901,8
4561857,3
9861945,8
3591660,7
2672307,8
4970173,1
8295707,1
4308286,8
3584124,6
7259738,8
7043531,3
2427624,1
9264204,2
8967625,7
4068874,6
1155641,3
9965129,4
9735234,1
1032068,3
6519299,1
1010446,7
7240575,2
5743936,4
7223938,5
7473502,2
9511707,5
6746208,7
6055387,8
7477557,1
4154051,6
2688471,3
3463517,5
6307097,3
3684939,4
1566231,7
5066140,5
1558295,3
1762662,6
1752891,6
3806722,5
8282567,5
2009798,2
7636337,1
5266890,2
7083101,3
4124655,3
2867175,8
4934199,3
6280265,8
4125384,5
7050270,2
3722161,3
7455444,7
8714765,5
2772493,1
6733010,7
3019892,7
1437714,5
3994989,4
2332818,1
2924480,2
7766379,1
2286932,2
8020363,7
5315456,1
3949054,2
3361963,8
8801253,4
8012470,3
4892783,3
4193519,5
6362308,1
3941134,2
4646012,8
5315139,7
9156737,3
4793889,3
2106899,1
1995537,4
2451762,7
3294642,2
4395177,5
9519293,8
4218242,5
5727648,8
8242587,8
6084229,4
3549487,2
8259614,7
5799296,3
8767354,8
9209677,3
6727477,8
9094782,8
7748953,5
2278150,3
9961218,4
5275990,1
4778756,5
3623741,1
7731542,8
3621782,2
8251314,4
1048321,4
9843112,2
8767557,3
3438612,6
9801062,1
9980880,1
8621086,3
9569771,8
9609816,1
3848596,4
4895977,6
2483965,6
9246000,3
3336645,4
4157580,3
6311637,7
7971673,8
4558422,2
2614750,7
1373910,3
3402314,6
4434387,5
2247611,3
7078621,2
3258169,3
3405072,1
6961416,6
6113168,4
5340150,8
1260303,8
8303101,4
8310188,7
9640503,4
8927822,7
9020346,5
9237944,8
3146325,1
4267832,3
8581308,2
2423390,3
4236534,7
1614449,1
4424490,7
3675631,2
9567719,5
6513450,5
2798358,5
2383789,3
5728563,8
7431291,5
7333471,3
6922319,4
4180193,7
8222585,8
3976238,3
8760394,5
5393115,6
3458046,4
5482811,8
5845025,5
6227273,6
1023645,2
9351942,4
5174900,5
9675878,1
1254547,2
2117382,4
7400304,1
2882942,8
6572554,5
8725816,7
6450681,8
8660074,6
7024726,3
9549527,2
9605351,7
1235491,8
6223556,1
4384722,8
7821334,2
2604332,3
1531090,2
7464902,8
3418221,4
3074387,2
5413064,2
8973854,6
6480857,7
7503696,4
1631826,3
1423314,5
7710525,3
5821697,3
6103240,3
3330540,2
8278023,7
4084646,2
6931810,2
2711444,2
2292591,6
6195763,4
6076433,4
8288751,7
4303832,6
1435463,3
9742636,1
1417171,7
2228962,4
5024273,5
4125405,6
7011748,5
2504062,1
5345587,2
6023687,3
6230972,1
2233887,8
8533822,1
6903971,1
8205149,8
9551358,3
3141589,5
6234125,4
9918007,2
7967983,1
4183218,7
3929987,8
2087286,2
3788706,1
9960272,1
1356142,5
3476552,2
1544276,1
4914501,1
6739647,2
2761833,7
3119788,6
7758081,4
6380585,2
2384873,7
9257482,5
9132291,5
9897229,4
9722369,5
8210715,5
5578259,7
2354602,6
2112910,4
7800438,6
1604112,7
3142105,3
1312645,7
3541798,3
6861229,1
8539609,7
5083357,3
2402674,5
6681419,2
6291750,8
9676731,7
1229335,5
5905091,6
9946718,7
7999341,2
8829063,6
8749903,6
9916812,2
2271357,4
5216777,6
7820903,1
2952576,4
8822758,7
2793980,5
9474568,8
2969255,2
1471025,8
4954950,5
6280461,7
1002441,4
9496032,2
1573353,6
5445946,7
6846934,2
9463189,2
3851280,2
5818784,8
6443175,7
8624669,8
1397664,6
8082046,3
1376828,4
6965027,7
8095467,3
3569903,1
8668236,6
7806662,3
5483449,8
5000178,4
4407167,5
4313010,4
5194248,7
1070337,8
4821206,5
8001135,6
9399985,6
3304021,3
4279077,6
3479267,1
1288493,2
3528562,5
8995435,3
6957254,7
4978661,4
5796434,4
5083838,4
6564044,4
5806109,3
1143102,4
1862236,6
8181971,5
4829363,4
3517763,1
5207680,6
4784473,3
8866041,7
2794304,4
8446960,3
2088467,2
5959916,8
4344698,4
9874969,3
3033681,4
8528509,4
3878374,8
4862500,5
4091994,6
5355180,2
8423034,5
9693930,3
6532955,3
5084247,6
9583922,1
8218130,2
6468079,2
9593058,8
2206446,4
3345516,4
5006748,3
8163838,8
1948731,4
4061430,5
6354290,3
7036877,3
5614042,2
2254615,3
1524832,5
2167310,3
8334640,1
4319181,7
4063049,3
3068137,3
5187541,4
9676708,8
9463820,8
4863747,6
1017655,6
6902418,5
7601996,8
2340210,8
7771033,4
4581219,3
5264347,5
1918705,1
5873993,7
5329362,4
8972882,6
6631552,3
5277410,7
6764083,8
6285827,8
4711232,2
5317592,6
8126751,5
4959083,4
7908772,6
1606100,4
5796190,8
8598215,1
5336966,8
9649850,2
6868763,5
9241275,6
9228217,8
4290449,1
1745948,7
5012319,1
5485322,4
3099455,5
3499543,4
4963357,2
9920516,3
8183541,3
2087147,5
9276493,6
8387516,5
7837679,4
5214009,6
2709520,8
8747733,2
9166954,4
9407325,5
6016071,4
3675988,8
9521283,6
1247238,7
9787084,1
7210739,1
7316444,5
1448090,1
8228485,2
3880058,3
5635896,4
5415630,4
5206236,5
2359341,7
4779381,6
9238711,1
8648741,5
8566425,5
3215982,3
2917663,2
5854823,6
7816829,3
8241912,4
2510428,1
7784039,3
3133222,7
6121126,5
4185250,1
3460810,3
2468388,3
3201222,4
2117279,7
7223033,4
1761898,2
5055502,8
8969702,8
2080165,2
9116025,6
5410846,1
9050833,2
8836305,4
5780752,2
5776793,1
4172503,4
5467582,2
2390605,8
8950745,7
6453228,7
3611076,1
3785011,7
9630245,3
3045993,3
9288287,4
1737718,6
7457078,7
7470961,6
8959262,8
1025114,8
2549579,6
2567912,7
8620591,4
8783369,4
7737605,7
9022019,1
5333908,2
1141437,2
3652409,8
9236723,4
4975502,8
3630725,8
5384627,2
8197164,8
5158017,5
1686376,1
5864876,2
2379539,7
8426203,3
5945765,4
9663733,8
6073241,7
3706046,8
8452707,6
2829401,5
6234830,6
9308746,7
1212727,8
9745471,7
7916222,1
9321831,6
2713964,2
6479810,2
4445243,1
6192489,1
5042899,6
3681538,1
1977313,3
1907392,1
8219644,7
6515145,8
2862825,2
1660928,4
2384186,2
2055214,6
6452480,4
2738317,8
6728775,2
7103057,7
5723255,8
3084627,4
9055660,8
8101553,3
7521787,6
2971099,1
8376615,8
3265555,3
4571841,8
9287947,6
4652725,6
9004692,7
4609917,4
6225395,7
1706465,2
5807983,4
1958798,4
3190280,6
7218232,8
7747922,1
9889630,6
7141798,6
2557419,8
9079755,4
1836921,5
6482578,8
6984111,7
8380279,8
8606447,3
4912819,5
3024013,1
1719986,4
1024374,6
8732268,7
6446587,6
8170966,4
8372400,3
8224282,7
7771323,8
5183726,4
4454059,8
9086118,6
3774643,2
7125639,6
5098376,8
2175202,6
5411105,5
4307886,5
6926843,8
8081297,6
4581140,1
9096450,2
3471837,7
4005354,4
8350614,5
2864171,4
3273193,2
7268842,7
4842280,4
3269302,5
5084476,5
9082722,7
8632477,8
8095153,2
1123061,6
9432965,7
3921771,8
8737851,8
6417290,7
8200492,8
6289538,7
8148528,7
7858835,1
1747826,5
3404144,2
4927297,4
4379926,3
4590628,6
2861568,8
7372853,3
7458590,3
1663444,8
1954671,5
9534389,8
4440469,6
6911002,7
6506962,8
6873371,6
2558394,3
5928355,2
2730629,7
2887054,7
9081896,8
2010842,7
3328045,7
7979050,6
7445771,1
5487695,8
6311296,6
5669823,6
1439803,2
1100307,5
3719103,7
4939663,4
3714863,1
6037749,4
5102011,7
6008427,2
8626176,2
6871035,4
9120178,3
2973144,3
1477737,2
6092465,7
9619031,2
8570580,5
7919104,2
5784116,4
4034884,6
7885052,8
2045301,5
1734216,2
2458520,6
9096904,2
3072713,1
9816674,8
5391693,1
7190584,2
6098989,2
3232636,8
6633867,5
7549422,4
1353108,4
7718064,2
9897445,6
2782107,8
8801512,2
6052304,8
5477095,4
9851912,1
3086736,3
7050628,8
9223108,6
9296761,3
5550174,3
5190340,5
2442967,4
5326794,5
1485482,4
6580351,2
2267344,7
5718337,5
7778217,3
7495136,1
2778684,1
8318246,4
9223019,2
5917202,1
3451505,6
4458141,5
8452295,2
9520687,3
9388773,2
6866690,4
8597423,7
7927494,8
4926533,5
2627424,1
1978280,4
8550483,5
7078672,3
1481263,3
5295354,3
2429001,6
9039997,8
8937573,2
4378243,1
9631943,6
9090028,3
9909348,7
5028253,7
3251975,3
2481213,5
1179021,6
4176811,8
2139531,6
4244487,1
1846044,5
7600464,3
9666087,4
8348481,6
7724593,3
2161141,3
6849923,6
2377295,7
8074873,7
4453611,1
9602946,7
1747574,6
8886078,2
9504893,6
6105985,7
7063873,7
5719712,5
4114165,7
1127998,4
5564600,8
7020187,3
4780105,6
3852965,4
7297503,1
5327558,1
5116356,7
8092694,3
4900267,3
8451957,4
7872090,1
9856907,1
4421425,1
1779075,5
3198882,3
9413479,3
3778443,6
5823453,5
7763462,3
6637297,4
7423733,3
5246550,5
1299786,6
5852389,5
3605795,3
4946444,8
4089804,8
2907615,6
2837491,2
4214244,5
7238916,1
8172728,4
8829613,6
7455057,1
9855281,6
6478568,8
6626728,4
2271340,1
7852897,6
6100068,4
7283084,1
5379885,4
4801878,3
5245190,2
1064361,2
8110114,1
1268847,1
9291835,5
8581461,8
5105273,8
2405194,3
3106660,2
7095905,7
4882538,2
7941209,8
4455029,6
6166029,2
2429171,4
1289275,4
3645158,5
6340051,6
4433846,8
3233752,1
5859734,8
6922024,3
7977020,1
5433899,7
3049538,6
6444637,4
3422708,8
8625516,5
4240944,4
9786721,5
7125395,7
7319611,7
2205138,5
3528674,3
2289237,4
5377228,2
4304629,5
6851511,1
8525600,1
5668726,6
1689675,4
9844036,7
7479333,7
5103657,6
4473289,5
5678599,4
2341010,1
5325432,5
2556473,8
2173145,6
9356739,4
1074657,1
4271186,5
3070767,2
7940841,7
5596504,5
4072076,4
7963968,8
9063055,8
3945756,5
7852778,1
1452590,8
2690235,4
4399930,6
2794272,4
2231965,8
5540166,6
2207782,6
5459889,6
2038966,1
4538708,6
3295076,2
3014272,4
4519967,5
9170567,6
8655192,7
2679045,7
5222184,6
7073206,1
4709906,3
5893839,5
9220363,3
1339263,8
3830194,4
9386369,3
8721008,7
3621797,5
2689194,2
9038500,7
9193717,2
5133832,4
3508381,6
6017718,6
6142371,8
5441126,3
5802393,4
1341525,3
3445722,4
1520004,6
1499758,7
3557229,2
5450979,3
9623540,6
7160399,5
7978665,7
6055900,5
1419446,6
3085062,2
3195542,4
2527295,5
5445964,1
8480090,8
2710034,6
8647581,5
3557751,7
6879044,1
3490262,5
4348138,8
1636077,6
4625050,5
3470127,5
2341890,2
6703295,5
1426549,3
2696916,6
4856399,7
6080867,5
2942936,5
7076343,4
2554021,3
6938240,3
4149047,3
5787562,5
8398244,5
4123392,2
3097182,7
9285291,2
5710980,1
5847928,2
8526986,1
9307033,4
9140624,1
7571818,6
1562294,8
2638568,1
4344774,4
2875782,5
6778360,3
9273897,5
1817099,6
3883077,4
7707920,4
8116520,2
4401981,3
4226542,7
4742759,8
1330781,4
4677100,5
2320687,5
5002013,6
6176879,2
3176740,6
7195148,1
4629032,3
9982891,3
3459284,2
7192780,3
1967656,3
3296736,5
7641536,1
5728272,2
7129638,7
2292282,5
4020017,6
5430311,4
6390821,8
9597061,3
5947135,8
4728097,7
3562053,7
1247418,5
2199513,7
1836336,2
2338539,7
3390865,6
2667147,1
2052287,1
2908032,6
9446038,1
1098942,4
6276125,8
7825520,8
3853800,1
5596607,5
4004954,8
7465706,8
9131279,6
4710635,2
5079929,7
6975670,2
4955786,8
5847720,2
8330256,2
9352502,5
5107947,6
5051031,7
9715435,8
5653713,1
1629176,6
3118146,6
8448878,1
8794019,1
5998268,6
1892760,3
5180539,8
1440995,7
2106594,7
1586066,2
5139355,7
8434195,3
7945441,2
3501022,6
7614078,2
5437014,4
6694593,7
5764527,6
9529131,2
4564346,8
2263802,8
3286484,6
4253390,2
2863229,1
6235906,5
6965531,7
6378498,3
9568388,2
7405393,1
1697244,4
2289132,7
9900087,1
2205193,3
1407057,7
8087828,3
7212825,8
9324752,6
1468325,1
1973721,1
7127896,1
7272555,7
2650399,7
3789914,1
7060133,2
4323537,3
5683878,3
6069105,4
3834720,4
6220990,6
2137391,6
1571913,6
1640278,7
7519788,7
9024909,4
7975113,2
9965537,5
6733905,5
5441125,5
2660987,5
3554922,6
3378326,7
8980883,8
8575808,3
2774595,1
3723531,6
6850099,2
4880408,7
1894817,6
5112810,5
5809581,6
1515450,4
8920030,3
8020731,2
3979784,2
8682192,1
9751741,6
2131876,3
2755329,8
3272761,5
3584372,4
9487233,6
2847872,6
3709224,6
5796468,8
3079740,8
8321178,6
3668101,3
4869532,4
8299341,4
6073095,4
1044804,1
1188856,8
8492052,5
8432856,1
5007935,8
1516520,6
4486377,1
8022584,5
3632582,8
4944470,3
6529382,3
4738097,8
7705559,7
6316264,8
1051564,7
4104417,1
8003022,5
8619483,8
9366555,8
3768611,6
4178522,1
7217138,4
5692447,7
4468638,8
9907625,3
7846308,6
5374371,7
5972067,7
8504963,1
7951042,8
8180030,3
6196114,5
5373777,2
3980617,3
8546840,1
6962009,5
2757449,6
6518582,5
9159112,2
6862594,5
9374057,7
5712722,6
2478245,3
8131426,8
9270851,6
6120546,3
4474986,6
3373720,8
5178136,5
4358611,8
3455301,4
4172699,1
7084850,8
2469035,3
2222192,1
5356920,5
5586789,6
8853555,2
5863314,6
4703417,7
4156925,1
8132388,5
2616683,4
5914724,7
6888396,5
7392406,1
5380948,5
5420296,1
6000349,1
4176182,6
5418558,5
5965604,1
4046137,5
3750192,7
7305971,2
5612895,5
3826367,6
7466813,4
2468605,8
1697402,5
3429387,2
2097459,4
2277295,6
2668559,4
9729916,7
2940925,1
8278214,3
3439868,1
3560411,4
2200308,1
6469395,6
8440349,5
2478202,1
1165109,3
2217973,3
8463473,6
7588917,2
9667486,3
6564459,7
6619691,3
3587177,2
1785257,7
1676168,3
7827572,2
3600432,7
3046575,5
8321330,7
7862619,2
9230092,4
9167613,6
9913698,5
2775589,1
8126606,4
1255706,8
8699495,4
6235378,7
8932454,6
4373673,7
4819842,6
6848626,6
6674042,1
1358230,8
9851894,3
7683404,3
6389381,3
4988659,2
9620816,7
7779684,3
1432733,4
8278484,5
3813641,3
4802403,1
2444290,2
6268549,3
4548109,7
3754447,6
3297132,8
2399594,4
1718168,4
5194332,7
4219914,7
6617294,7
6756907,2
3792092,7
5693345,7
7702049,5
6998392,4
5997433,3
6142965,4
7130520,1
6241590,5
2703658,4
6116652,3
8359712,5
1907477,5
3294892,5
5052945,8
9267842,7
7026372,1
2428397,6
2200962,5
8041144,6
2045735,8
6499921,5
2596542,2
5911288,1
8964875,2
7374661,1
9536940,6
5713244,1
4157466,7
4095095,3
7209385,5
5553853,8
3935254,7
1870457,1
2082240,7
8991130,1
6141202,4
8044621,6
7171270,1
7212458,1
1113581,1
1275220,8
2896537,5
5039704,1
8014643,5
2198575,1
8075958,8
3104940,1
9148133,3
3938338,7
8853281,8
4547598,7
3464049,1
2093901,7
2018551,4
2608264,5
6837790,2
6513936,1
9091127,6
7782518,6
4569163,1
5900775,7
4673499,1
4496804,5
8100898,3
3208769,7
1239002,1
7100405,1
4323306,5
7801681,3
1480561,7
2701987,6
8987786,2
4145802,3
1353149,6
5336029,8
9283748,3
8746468,3
4179663,8
2600408,3
8250598,2
7389159,6
4981657,2
7590375,1
5892193,8
1589948,4
7182287,7
2815175,5
2676533,7
6609075,4
6330691,4
5547449,6
8588310,8
7805181,8
4598392,4
7694307,7
9747619,7
8524948,3
3474421,4
9471382,5
6425295,4
8516836,2
9512847,5
7567006,5
9179550,5
6054606,8
3939780,5
4908684,7
1097338,4
9426657,6
9900899,5
5437396,3
8118716,7
8524492,8
8563689,8
1730480,5
5686919,1
6210961,4
3041569,2
1526918,2
2716480,3
4045647,4
3908606,2
8117406,3
8561694,6
8027907,6
2299374,1
4444229,8
9822128,1
5250549,3
9102089,8
4353938,3
1695721,5
2893944,6
4767673,8
7351186,8
5759659,2
3841591,4
2734454,5
7269272,5
1371194,1
3698349,3
1510840,7
4821373,7
4447881,2
7815563,5
2295502,4
5802043,5
2266684,2
6295901,8
5855312,4
9954509,1
4880344,3
5833066,7
7190032,2
2407586,3
5879787,6
7438810,4
5371441,4
8353576,6
6246118,4
7790749,3
3069527,8
6774323,5
1897658,3
3691724,3
2755582,5
6390409,3
7780613,8
8957660,5
7360060,4
8593267,5
3298327,6
6195190,2
8303867,4
7862361,2
8479900,8
7344528,8
2475644,6
2570478,8
8037456,2
8291282,8
9107962,6
2020685,7
6882415,1
2162403,8
2067679,3
9429467,4
8225108,8
9735521,2
9483594,2
3193704,4
1252689,6
6636299,7
9697720,7
7515530,4
7282254,8
2051388,6
6307062,1
9080901,5
9603987,6
6860297,4
2165616,3
3589860,2
4863513,4
6424199,6
4022853,1
2311920,8
6815754,7
2491184,3
6009631,6
9380394,2
8370253,4
1598885,4
3193255,6
8247217,6
8519779,5
9686932,4
2743409,6
5414682,8
7645021,4
8004066,4
7289148,8
8755522,5
4582435,3
5860246,4
4174888,8
1481062,3
5868395,7
5557590,4
2021894,3
6008306,3
8591887,6
2813424,2
2847596,1
2580617,4
6782948,4
3105929,2
7669726,5
3413618,4
6186530,4
3132036,2
8406545,5
6012271,2
4288278,6
9638979,5
7409268,1
8788519,2
6613548,4
2394389,6
7937595,1
8621991,1
1277476,4
9054811,6
7028051,5
6683196,6
6204633,1
5990446,4
9419671,6
8225541,2
1299264,8
8913368,2
4715724,2
8335451,6
9683453,1
6091846,1
2182779,1
5433475,4
2357727,4
5551909,8
9887551,6
1742361,3
5114289,3
1195178,7
9664506,1
1710206,8
7599145,1
7435874,1
8840346,3
8302713,3
1981892,1
9074104,7
4795329,3
6908758,4
5932627,7
6575763,4
1179250,5
5292119,5
1382389,7
4437973,3
6487140,8
5859173,7
3345389,6
1386923,3
4249334,6
5608675,5
7586001,7
6062826,3
8296899,4
5276490,8
3944264,2
3580136,1
6334902,3
1916363,4
1370454,7
4204049,3
1130867,8
7942714,2
7858196,8
1853048,4
2586559,3
1507499,3
5779424,8
9001890,2
2446758,4
3197284,2
5063671,8
6053607,4
9471467,3
5813382,4
5190835,4
6792816,7
2801277,4
5700044,7
2700340,4
9680411,8
7829286,7
1976548,8
1693995,2
6574496,5
4576943,1
5124735,2
7877396,7
9071046,6
5711635,6
9982474,1
8537775,3
1386222,8
6585207,2
7964507,2
5936857,1
9847354,8
7403740,4
8189953,6
7829502,6
3392499,1
5808596,4
6838521,8
7965194,6
2548267,7
6597740,2
8173315,8
4643346,2
2292766,8
9651278,5
1592201,4
4091932,1
8957685,7
3355472,7
9965430,7
5072639,1
7006498,3
2595205,8
2557435,8
2458208,4
5589274,8
7054626,4
8697743,5
3091062,4
6744654,4
7571166,5
5828827,3
2984858,5
8893820,6
3142628,2
3245533,3
4268627,4
3983775,8
5866519,3
2838907,2
9720994,3
7846945,3
9635132,2
5340861,3
7063255,7
4965991,2
7183322,1
5453871,1
6251035,8
1281045,7
6344879,4
7156350,1
6036489,2
5673468,5
1995581,1
2812842,8
9007311,3
3404244,7
7642626,2
3216295,7
6213255,7
2343850,4
4419208,4
3024678,1
2431304,3
6535444,2
1408852,3
5659977,6
5808819,5
8824152,6
6904974,8
3856653,5
6502556,7
6201474,2
2184114,6
7224818,8
1210487,8
6024103,8
9352727,5
5696100,1
4551675,1
1452633,6
6255066,8
2826295,4
9912225,3
5410163,4
7976141,7
4491222,6
9040474,8
9974565,4
9752306,4
8804864,3
1892409,7
9981322,3
2131552,8
9802171,8
6755822,8
1840460,3
2587924,7
4272334,4
6327657,3
4077584,7
9528771,2
8781102,1
4265579,6
5179765,3
2245545,2
7019567,8
4868140,6
7908536,4
7658832,3
2601389,2
7752212,8
9326576,8
6672206,4
7485372,5
1099582,7
8067808,3
5576272,4
4908737,2
8034129,1
8448386,3
5297223,4
1585157,8
9097097,1
2180840,7
4125802,2
7065155,7
9255244,7
2112277,8
1288940,5
8767806,3
1514471,7
9428177,7
5714330,8
4123338,2
6429952,1
4947054,2
7623306,2
9687943,3
7850123,7
3654023,8
9266476,4
4678326,5
4036539,7
9907840,1
1232021,6
3870032,5
2649816,7
4729019,2
1162406,2
9706104,6
3680798,3
2901688,3
4550790,3
2492870,6
9994038,1
2885103,5
3752374,4
5511176,3
8287095,1
4357204,4
6952758,7
6576192,7
2065977,5
4708833,3
6014987,2
8682809,6
8207623,8
2940708,7
4239873,3
6494818,4
8839085,3
5894204,2
9592579,5
4590699,6
4722312,4
1004071,7
2733911,3
9580541,7
1541607,1
3333727,5
3751305,4
1996941,3
3214356,3
2718089,3
9158933,7
2217013,3
1563277,2
1603973,5
7762176,2
8328296,2
2389672,8
6264876,5
4178109,8
5686110,3
1785637,8
8790113,4
3784209,2
8566148,2
4586897,2
6009251,5
5734109,8
3051625,7
1926608,5
1866938,1
1766070,4
1196073,5
3685834,3
9647792,2
7228612,7
4750743,8
6742755,5
7968635,5
2253506,4
4880808,7
8550982,5
3455286,3
6051016,3
9359443,8
3586479,7
6768249,3
2218674,6
6410570,6
3153403,4
3939241,1
3035452,7
7467359,1
5139620,5
6736263,5
7077371,8
2917027,7
1281883,5
9893852,4
6037157,3
2991231,7
4094616,4
5298973,6
5086338,1
3156484,1
9989458,5
7708626,4
1318506,5
8084703,8
9079139,6
7162181,8
8290154,3
3827221,3
6779874,3
3627423,2
6610294,8
8344668,5
2447598,8
3219451,6
1720090,1
1203600,2
7025962,2
9410540,8
5168992,3
7182449,4
9097713,1
3192518,4
5419018,5
8332702,4
4103189,2
5058091,1
6417506,6
6379175,6
6646752,6
3267882,3
4554309,8
7775581,6
1363075,4
2763085,2
7211976,4
6279312,4
6657276,8
2190273,8
1718622,8
6374405,3
4476881,2
6755145,4
5690499,8
4404129,4
8206232,3
3536196,4
3234171,6
6853294,2
4441680,8
9958077,6
4440735,8
9327340,3
3094103,3
6382131,5
5916214,4
2056545,8
2665293,6
9541181,3
6924397,3
1369041,7
7079587,3
1340846,7
3334656,3
3624576,8
1400759,7
6892307,2
6945468,7
7833037,4
8381334,3
8708514,6
6194110,8
4552320,4
1399960,1
6664301,4
3931083,7
9812262,3
9706790,7
2740200,3
5162883,2
4718157,2
9656244,7
4672946,5
6244724,3
4206366,7
3272414,7
7076865,1
3413820,1
2648577,7
8304229,3
6921226,1
9508076,2
6294961,1
9805029,5
6439045,1
8937284,6
5135702,1
3935602,5
8763007,5
7544321,8
6982492,2
4289116,8
6112137,2
3708902,2
6860956,8
5129538,5
4236113,4
8455337,8
8586104,8
9107287,7
1549838,6
9122029,5
2507804,7
9557377,7
8800823,2
6149227,1
1984511,5
5725290,5
7209072,4
9492044,8
2719538,2
7795068,2
7666238,4
3762710,1
8897854,5
1113953,2
2398970,1
9886490,7
2444176,8
1519602,6
9575407,5
6967816,6
7572401,7
8984301,2
7636522,8
2185874,3
5395756,2
2012478,2
7876659,1
4885166,1
5835068,4
9212051,5
3029615,8
3752931,7
7878420,8
7873324,5
2429101,6
5639811,6
5300892,3
4113101,5
9965649,8
3217927,8
9781942,7
9816544,2
7318510,4
2327112,3
8882887,8
6809731,1
5602135,4
4806193,2
8489634,5
5489072,2
1317438,7
8929659,7
3162850,2
7367908,5
7005873,8
6807014,1
2361053,7
2122642,7
7629389,8
8062698,6
4173317,2
4144367,4
9967103,2
1023853,4
2103170,8
8556116,6
7891106,5
9218732,2
8619597,1
5732396,4
9958061,1
2000037,8
6234166,5
9684273,1
9957632,8
3126348,8
6096723,7
7405648,8
9332187,1
4091205,1
1111369,2
5546811,2
1376591,5
4981871,7
8947091,6
6100183,7
9810607,3
8799971,3
7922847,6
5939744,8
3694030,1
4439218,5
3161614,2
1368035,4
2584074,6
9280845,4
1091681,3
3518717,5
5218451,3
2807497,8
4959855,5
8521795,8
1143041,4
7374592,6
7359521,1
5164724,4
8526244,8
7832292,2
4800932,8
6586998,7
9487270,7
2563325,5
6206384,5
7226350,4
1165154,4
7588892,8
6853058,8
7867153,1
9776161,4
7112128,5
9643233,5
6207418,8
3649629,7
6651782,4
2600577,4
2345325,5
5304454,4
6660242,3
7092214,8
3435202,3
4570731,6
6805633,3
7259884,8
9662575,2
7236377,5
5676705,2
4141073,6
1255635,1
4147967,6
1716718,4
2213476,5
7793951,6
4160533,8
8889138,7
6109049,3
7464267,6
3103688,2
5685725,5
3453173,1
5271782,1
6507984,7
3611634,7
6336168,1
8375463,4
4533493,4
5535411,4
8949671,1
4950096,6
2710509,8
8560179,3
3536211,4
4308858,4
1533179,8
4689271,4
3785752,8
8708847,2
2224790,3
6242053,5
2097092,1
7849845,3
7729793,4
9051310,2
6188459,1
7370436,4
3048331,1
5235451,2
4230689,4
1676803,6
2622900,2
1323905,7
2384675,5
5232298,7
1979215,5
5437402,6
8632181,6
4344552,1
4876929,1
2930953,7
9508711,1
7772152,3
3333534,2
2444868,5
7703492,2
6963971,1
3702014,8
9627218,6
5918808,4
4832865,4
9325409,5
9192432,3
5058862,2
3861302,6
7681898,8
2591105,6
8267621,2
1998080,1
2769085,1
3031189,7
9227838,4
5756616,2
3098523,3
9836034,5
1867189,2
8430890,8
7260763,5
9296741,5
2614340,1
1906752,1
5194378,4
8930341,5
9967565,5
8546791,8
6717317,5
4383019,5
2522956,5
5846965,2
7903886,7
4204312,3
8736209,6
5921464,5
9530615,5
6576625,1
9631599,5
2434180,1
4745595,7
8788867,8
6257525,7
7860516,8
5322861,2
8687042,6
2234449,5
4909582,3
9709307,6
9258413,7
5314334,3
4177368,7
5934855,6
6249833,4
7434569,3
1814401,2
3426583,1
9455868,5
9663542,5
3733244,1
8322785,2
8105143,2
4873488,5
1494838,2
9818201,3
8693612,4
4916034,2
6914639,7
6979283,5
6152972,3
2915026,7
3500513,2
8859587,6
9182814,7
4001610,1
7315719,2
6271508,8
3464439,4
8112881,1
5946228,2
2146090,4
6337096,4
7327036,5
4404061,4
4486575,1
4658876,1
8556969,3
6684101,8
3512859,8
2104758,1
9004101,7
1049995,8
1115672,6
6753959,6
5402638,1
1569870,8
6137595,2
6488162,1
8438160,2
1811839,3
2061752,7
5110967,5
2761635,4
6306038,5
5771948,7
5192306,6
2309655,3
8918283,6
3292931,7
2193469,4
1540307,5
7892043,8
7429445,2
7772890,2
7629090,1
4187758,4
3274209,7
6552798,5
1451825,1
3962174,2
6093948,5
8093984,6
2536942,7
7800099,7
5015094,1
8346185,1
5881848,4
7795560,8
1295625,7
1995962,4
2728476,8
3851233,7
7014023,5
5528605,2
8248641,7
1705232,3
5030552,1
4495957,8
7167202,1
3460512,8
2466176,3
3689964,7
9072965,5
8405010,8
8940260,7
7459405,5
6333721,3
7946896,5
4649223,1
8663001,8
8891359,5
5153518,7
4119141,1
6616890,2
6165237,4
7371565,8
3977931,1
6722239,1
7812317,8
9186790,2
6518541,3
4632910,5
9382769,4
3462716,8
6276179,1
8592046,4
9569211,5
9209966,7
4609046,3
1629302,3
2275652,6
3919037,1
4737397,7
3500440,8
5110053,4
2246452,8
5273380,5
4189277,3
9445200,7
4169812,4
6705860,8
4753076,3
8694829,8
6062817,5
7374627,5
7878812,7
3879532,6
6021747,6
2779993,8
9037933,1
5469587,5
2414506,3
5004973,6
7322258,4
6887175,8
4948193,5
8027705,7
5191468,4
5566179,5
2744753,4
4461167,3
8502357,2
7914437,5
5543171,8
7595328,3
8858994,3
2735505,8
7641327,5
7270139,1
2421119,1
2422771,3
5557496,6
9712525,2
8830679,2
3839728,7
2166141,5
9426198,7
9114395,4
